--------------------------------------------------
----  Note: Use user sys to run this script   ----
--------------------------------------------------

alter session set "_ORACLE_SCRIPT"=true;

------------------- Create user 
CREATE USER CHINHANH2 IDENTIFIED BY CHINHANH2;
GRANT CONNECT, RESOURCE TO CHINHANH2;
GRANT UNLIMITED TABLESPACE TO CHINHANH2;

------------------- Create table
CREATE TABLE CHINHANH2.BRANCHES(
    BRANCH_ID VARCHAR2(10) PRIMARY KEY,
    BRANCH_NAME VARCHAR2(50) NOT NULL,
    BRANCH_ADDRESS VARCHAR2(200) NOT NULL
);

CREATE TABLE CHINHANH2.PRODUCTS(
    PRODUCT_ID VARCHAR2(10) PRIMARY KEY,
    PRODUCT_NAME VARCHAR2(50) NOT NULL,
    PRODUCT_PRICE NUMBER NOT NULL, 
    PRODUCT_DESCRIPTION VARCHAR2(200) NOT NULL,
    PRODUCT_TYPE VARCHAR2(50) NOT NULL,
    warranty_period NUMBER NOT NULL --SỐ tháng hạn bảo hành
);

CREATE TABLE CHINHANH2.CUSTOMERS(
    CUS_ID VARCHAR2(10) PRIMARY KEY,
    CUS_NAME VARCHAR2(50) NOT NULL,
    CUS_PHONE VARCHAR2(50) NOT NULL,
    CUS_GENDER VARCHAR2(10) NOT NULL,
    CUS_ADDRESS VARCHAR2(200) NOT NULL,
    BRANCH_ID VARCHAR2(10) NOT NULL,
    CONSTRAINT FK_BRANCH_ID_CUS FOREIGN KEY (BRANCH_ID) REFERENCES  CHINHANH2.BRANCHES(BRANCH_ID)
);

CREATE TABLE  CHINHANH2.EMPLOYEES(
    EMP_ID VARCHAR2(10) PRIMARY KEY,
    EMP_NAME VARCHAR2(50) NOT NULL,
    EMP_PHONE VARCHAR2(50) NOT NULL,
    EMP_DOB DATE NOT NULL, --date of birth
    EMP_GENDER VARCHAR2(10) NOT NULL,
    EMP_ADDRESS VARCHAR2(200) NOT NULL,
    EMP_SALARY NUMBER NOT NULL,
    BRANCH_ID VARCHAR2(10) NOT NULL,
    CONSTRAINT FK_BRANCH_ID_EMP FOREIGN KEY (BRANCH_ID) REFERENCES  CHINHANH2.BRANCHES(BRANCH_ID)
);

CREATE TABLE  CHINHANH2.ORDERS(
    ORDER_ID NUMBER PRIMARY KEY,
    CUS_ID VARCHAR2(10) NOT NULL,
    ORDER_DATE DATE NOT NULL,
    BRANCH_ID VARCHAR2(10) NOT NULL,
    EMPLOYEE_ID VARCHAR2(10) NOT NULL,
    TOTAL_PRICE NUMBER NOT NULL,
    CONSTRAINT FK_CUS_ID_ORDER FOREIGN KEY (CUS_ID) REFERENCES  CHINHANH2.CUSTOMERS(CUS_ID),
    CONSTRAINT FK_BRANCH_ID_ORDER FOREIGN KEY (BRANCH_ID) REFERENCES  CHINHANH2.BRANCHES(BRANCH_ID),
    CONSTRAINT FK_EMPLOYEE_ID_ORDER FOREIGN KEY (EMPLOYEE_ID) REFERENCES  CHINHANH2.EMPLOYEES(EMP_ID)
);

CREATE TABLE  CHINHANH2.ORDER_DETAILS(
    ORDER_ID NUMBER NOT NULL,
    PRODUCT_ID VARCHAR2(10) NOT NULL,
    QUANTITY NUMBER NOT NULL,
    PRICE NUMBER NOT NULL,
    CONSTRAINT FK_ORDER_ID_ORDERDETAIL FOREIGN KEY (ORDER_ID) REFERENCES  CHINHANH2.ORDERS(ORDER_ID),
    CONSTRAINT FK_PRODUCT_ID_ORDERDETAIL FOREIGN KEY (PRODUCT_ID) REFERENCES  CHINHANH2.PRODUCTS(PRODUCT_ID)
);

CREATE TABLE  CHINHANH2.WAREHOUSE_MANAGER(
    BRANCH_ID VARCHAR2(10) NOT NULL,
    PRODUCT_ID VARCHAR2(10) NOT NULL,
    DATE_UPDATE DATE NOT NULL,
    QUANTITY NUMBER NOT NULL,
    ManufactureDate date NOT NULL,
    CONSTRAINT PK_WAREHOUSE_MAN PRIMARY KEY (BRANCH_ID, PRODUCT_ID, DATE_UPDATE),
    CONSTRAINT FK_BRANCH_ID_MAN FOREIGN KEY (BRANCH_ID) REFERENCES  CHINHANH2.BRANCHES(BRANCH_ID),
    CONSTRAINT FK_PRODUCT_ID_MAN FOREIGN KEY (PRODUCT_ID) REFERENCES  CHINHANH2.PRODUCTS(PRODUCT_ID)
);

CREATE TABLE  CHINHANH2.WAREHOUSE_SALER(
    BRANCH_ID VARCHAR2(10) NOT NULL,
    PRODUCT_ID VARCHAR2(10) NOT NULL,
    PRODUCT_STATUS NUMBER NOT NULL, -- 1 là còn hàng, 0 là hết hàng
    CONSTRAINT FK_BRANCH_ID_SALE FOREIGN KEY (BRANCH_ID) REFERENCES  CHINHANH2.BRANCHES(BRANCH_ID),
    CONSTRAINT FK_PRODUCT_ID_SALE FOREIGN KEY (PRODUCT_ID) REFERENCES  CHINHANH2.PRODUCTS(PRODUCT_ID)
);


------------------- Trigger
-- Tạo trigger tự động thêm dữ liệu vào bảng WAREHOUSE_SALER khi có dữ liệu thêm vào bảng CHINHANH2.WAREHOUSE_MANAGER
CREATE OR REPLACE TRIGGER trg_warehouse_manager
AFTER INSERT ON  CHINHANH2.WAREHOUSE_MANAGER
FOR EACH ROW
DECLARE
    v_product_status NUMBER;
BEGIN
    -- Đặt giá trị cho v_product_status tùy thuộc vào điều kiện nào đó
    -- Trong ví dụ này, giả sử nếu QUANTITY > 0 thì PRODUCT_STATUS = 1, ngược lại PRODUCT_STATUS = 0
    IF :NEW.QUANTITY > 0 THEN
        v_product_status := 1;
    ELSE
        v_product_status := 0;
    END IF;

    INSERT INTO  CHINHANH2.WAREHOUSE_SALER VALUES (:NEW.BRANCH_ID, :NEW.PRODUCT_ID, v_product_status);
END;
/
CREATE OR REPLACE TRIGGER UPDATE_TOTAL_PRICE
BEFORE INSERT OR UPDATE OR DELETE ON CHINHANH2.ORDER_DETAILS
FOR EACH ROW
DECLARE
    v_total_price NUMBER;
BEGIN
    -- Tính tổng tiền cho order hiện tại
    SELECT NVL(SUM(QUANTITY * PRICE), 0) INTO v_total_price
    FROM CHINHANH2.ORDER_DETAILS
    WHERE ORDER_ID = :NEW.ORDER_ID;

    -- Cập nhật tổng tiền vào bảng ORDERS
    IF INSERTING THEN
        UPDATE CHINHANH2.ORDERS
        SET TOTAL_PRICE = v_total_price + :NEW.PRICE* :NEW.QUANTITY
        WHERE ORDER_ID = :NEW.ORDER_ID;
    ELSIF UPDATING THEN
        UPDATE CHINHANH2.ORDERS
        SET TOTAL_PRICE = v_total_price - :OLD.PRICE* :OLD.QUANTITY + :NEW.PRICE*:NEW.QUANTITY
        WHERE ORDER_ID = :NEW.ORDER_ID;
    ELSE
        UPDATE CHINHANH2.ORDERS
        SET TOTAL_PRICE = v_total_price - :OLD.PRICE* :OLD.QUANTITY
        WHERE ORDER_ID = :NEW.ORDER_ID;
    END IF;
END;
/

--
CREATE OR REPLACE TRIGGER SET_PRICE_BEFORE_INSERT
BEFORE INSERT ON CHINHANH2.ORDER_DETAILS
FOR EACH ROW
BEGIN
    -- Lấy giá trị PRODUCT_PRICE từ bảng PRODUCTS
    SELECT PRODUCT_PRICE INTO :NEW.PRICE
    FROM CHINHANH2.PRODUCTS
    WHERE PRODUCT_ID = :NEW.PRODUCT_ID;
EXCEPTION
    WHEN NO_DATA_FOUND THEN
        -- Xử lý trường hợp không tìm thấy sản phẩm
        :NEW.PRICE := NULL;
END;
/


------------------- Insert data
INSERT INTO  CHINHANH2.BRANCHES VALUES ('CN2', 'Chi nhanh 2', 'Nguyen Van Linh, Binh Thuan, Thu Duc');

INSERT INTO  CHINHANH2.CUSTOMERS VALUES ('KH11', 'Nguyen Thi Huong', '0901234567', 'Nu', '123 Duong Pham Ngu Lao, Quan 1, TP. Ho Chi Minh', 'CN2');
INSERT INTO  CHINHANH2.CUSTOMERS VALUES ('KH12', 'Tran Van Nam', '0987654321', 'Nam', '456 Duong so 6, Quan 2, TP. Ho Chi Minh', 'CN2');
INSERT INTO  CHINHANH2.CUSTOMERS VALUES ('KH13', 'Le Thi Mai', '0912345678', 'Nu', '789 Duong Nguyen Thi Minh Khai, Quan 3, TP Ho Chi Minh', 'CN2');
INSERT INTO  CHINHANH2.CUSTOMERS VALUES ('KH14', 'Pham Van Hoang', '0978765432', 'Nam', '987 Duong So 12B, Quan 4, TP Ho Chi Minh', 'CN2');
INSERT INTO  CHINHANH2.CUSTOMERS VALUES ('KH15', 'Nguyen Thi Lan Anh', '0901122334', 'Nu', '654 Duong Ly Thuong Kiet, Quan 5, TP. HCM', 'CN2');
INSERT INTO  CHINHANH2.CUSTOMERS VALUES ('KH16', 'Vo Van Duc', '0988777666', 'Nam', '321 Duong So 1, Quan 6, TP Ho Chi Minh', 'CN2');
INSERT INTO  CHINHANH2.CUSTOMERS VALUES ('KH17', 'Do Thi Ngoc', '0911223344', 'Nu', '555 Khu do thi Phu My Hung, Quan 7, TP. Ho Chi Minh', 'CN2');
INSERT INTO  CHINHANH2.CUSTOMERS VALUES ('KH18', 'Nguyen Van Khanh', '0977888999', 'Nam', '888 Duong So 3, Quan 8, TP. Ho Chi Minh', 'CN2');
INSERT INTO  CHINHANH2.CUSTOMERS VALUES ('KH19', 'Tran Thi Hang', '0901122334', 'Nu', '777 Duong So 22, Quan 9, TP. Ho Chi Minh', 'CN2');
INSERT INTO  CHINHANH2.CUSTOMERS VALUES ('KH20', 'Le Van Hai', '0988777666', 'Nam', '666 Duong Su Van Hanh, Quan 10, Ha Noi', 'CN2');

INSERT INTO  CHINHANH2.EMPLOYEES VALUES ('NV13', 'Nguyen Van An Phuoc', '0345215875', TO_DATE('05-10-2003', 'DD-MM-YYYY'),'Nam', 'Di An, Binh Duong', 8900000, 'CN2');
INSERT INTO  CHINHANH2.EMPLOYEES VALUES ('NV14', 'Tran Quoc Bao', '0315220145', TO_DATE('15-05-1985', 'DD-MM-YYYY'),'Nam', 'Quan 1, TP.HCM', 12500000, 'CN2');
INSERT INTO  CHINHANH2.EMPLOYEES VALUES ('NV15', 'Pham Thi Ha Chau', '091245111', TO_DATE('20-11-1992', 'DD-MM-YYYY'),'Nu', 'Quan 2, TP.HCM', 4500000, 'CN2');
INSERT INTO  CHINHANH2.EMPLOYEES VALUES ('NV16', 'Tran Thuy Nga', '0321555124', TO_DATE('08-03-1988', 'DD-MM-YYYY'),'Nu', 'Quan 3, TP.HCM', 6000000, 'CN2');
INSERT INTO  CHINHANH2.EMPLOYEES VALUES ('NV17', 'Ha Van Hien', '0344845784', TO_DATE('10-07-1995', 'DD-MM-YYYY'),'Nam', 'Quan 4, TP.HCM', 7840000, 'CN2');
INSERT INTO  CHINHANH2.EMPLOYEES VALUES ('NV18', 'Bui Bao Bich Thuy', '035929791', TO_DATE('12-12-1990', 'DD-MM-YYYY'),'Nu', 'Quan 5, TP.HCM', 9500000, 'CN2');
INSERT INTO  CHINHANH2.EMPLOYEES VALUES ('NV19', 'Nguyen Thi Thuy Ha', '036628823', TO_DATE('01-01-1991', 'DD-MM-YYYY'),'Nu', 'Quan 6, TP.HCM', 1000000, 'CN2');
INSERT INTO  CHINHANH2.EMPLOYEES VALUES ('NV20', 'Nguyen Tien Thanh', '0358475477', TO_DATE('02-02-1992', 'DD-MM-YYYY'),'Nam', 'Quan 7, TP.HCM', 12400000, 'CN2');
INSERT INTO  CHINHANH2.EMPLOYEES VALUES ('NV21', 'Nguyen Hai Tung', '0315781111', TO_DATE('03-03-1993', 'DD-MM-YYYY'),'Nam', 'Quan 8, TP.HCM', 11100000, 'CN2');


INSERT INTO CHINHANH2.PRODUCTS VALUES   ('P1',  'Tivi LED 4K 55 inch', 12000000, 'Tivi LED 4K 55 inch, Smart TV', 'Tivi', 24);
INSERT INTO CHINHANH2.PRODUCTS VALUES   ('P2',  'Máy Lạnh Inverter 1.5HP', 8500000, 'Máy lạnh Inverter công nghệ mới', 'Điện lạnh', 36);
INSERT INTO CHINHANH2.PRODUCTS VALUES   ('P3',  'Tủ Lạnh Side by Side', 18000000, 'Tủ lạnh Side by Side, dung tích 600L', 'Điện lạnh', 24);
INSERT INTO CHINHANH2.PRODUCTS VALUES   ('P4',  'Máy Giặt Front Load 8kg', 9500000, 'Máy giặt công suất lớn, tiết kiệm năng lượng', 'Gia dụng', 12);
INSERT INTO CHINHANH2.PRODUCTS VALUES   ('P5',  'Bếp Điện Từ 2 Bếp', 3500000, 'Bếp điện từ 2 bếp, chống trào ngược', 'Bếp', 18);
INSERT INTO CHINHANH2.PRODUCTS VALUES   ('P6',  'Quạt Điện Cột', 800000, 'Quạt cột, 3 tốc độ', 'Điện gia dụng', 12);
INSERT INTO CHINHANH2.PRODUCTS VALUES   ('P7',  'Máy Xay Cà Phê', 1200000, 'Máy xay cà phê chuyên nghiệp', 'Pha cà phê', 12);
INSERT INTO CHINHANH2.PRODUCTS VALUES   ('P8',  'Lò Nướng Điện 32L', 2800000, 'Lò nướng điện dung tích lớn', 'Bếp', 24);
INSERT INTO CHINHANH2.PRODUCTS VALUES   ('P9',  'Máy Hút Bụi Robot', 3500000, 'Máy hút bụi tự động, thông minh', 'Điện gia dụng', 12);
INSERT INTO CHINHANH2.PRODUCTS VALUES   ('P10', 'Máy Pha Cà Phê Espresso', 5500000, 'Máy pha cà phê espresso chuyên nghiệp', 'Pha cà phê', 18);
INSERT INTO CHINHANH2.PRODUCTS VALUES   ('P11', 'Điều Hòa Inverter 2HP', 10500000, 'Điều hòa Inverter công nghệ mới', 'Điện lạnh', 36);
INSERT INTO CHINHANH2.PRODUCTS VALUES   ('P12', 'Bình Đun Nước Siêu Tốc', 350000, 'Bình đun nước siêu tốc, tự động tắt khi sôi', 'Điện gia dụng', 12);
INSERT INTO CHINHANH2.PRODUCTS VALUES   ('P13', 'Máy Ép Trái Cây', 2200000, 'Máy ép trái cây chất lượng cao', 'Điện gia dụng', 12);
INSERT INTO CHINHANH2.PRODUCTS VALUES   ('P14', 'Tủ Sấy Quần Áo', 2000000, 'Tủ sấy quần áo, công nghệ làm khô nhanh', 'Điện gia dụng', 24);
INSERT INTO CHINHANH2.PRODUCTS VALUES   ('P15', 'Bàn Là Hơi Nước', 1200000, 'Bàn là hơi nước chất lượng cao', 'Gia dụng', 12);
INSERT INTO CHINHANH2.PRODUCTS VALUES   ('P16', 'Đèn LED Trang Trí', 500000, 'Đèn LED trang trí nhiều màu sắc', 'Đèn', 12);
INSERT INTO CHINHANH2.PRODUCTS VALUES   ('P17', 'Loa Bluetooth Di Động', 800000, 'Loa Bluetooth di động, âm thanh sống động', 'Âm thanh', 12);
INSERT INTO CHINHANH2.PRODUCTS VALUES   ('P18', 'Máy Sấy Tóc Ion', 450000, 'Máy sấy tóc ion, bảo vệ tóc khỏi hư tổn', 'Điện gia dụng', 12);
INSERT INTO CHINHANH2.PRODUCTS VALUES   ('P19', 'Ổ Cắm Điện Thông Minh', 250000, 'Ổ cắm điện thông minh, điều khiển từ xa', 'Điện gia dụng', 12);
INSERT INTO CHINHANH2.PRODUCTS VALUES   ('P20', 'Quạt Đứng Cao Cấp', 1200000, 'Quạt đứng cao cấp, chế độ gió tự nhiên', 'Điện gia dụng', 24);

INSERT INTO  CHINHANH2.WAREHOUSE_MANAGER VALUES ('CN2', 'P1'  , TO_DATE('15-01-2023', 'DD-MM-YYYY'), 50, TO_DATE('01-01-2022', 'DD-MM-YYYY'));
INSERT INTO  CHINHANH2.WAREHOUSE_MANAGER VALUES ('CN2', 'P2'  , TO_DATE('20-02-2023', 'DD-MM-YYYY'), 30, TO_DATE('01-02-2022', 'DD-MM-YYYY'));
INSERT INTO  CHINHANH2.WAREHOUSE_MANAGER VALUES ('CN2', 'P3'  , TO_DATE('10-03-2023', 'DD-MM-YYYY'), 400, TO_DATE('01-03-2022', 'DD-MM-YYYY'));
INSERT INTO  CHINHANH2.WAREHOUSE_MANAGER VALUES ('CN2', 'P4'  , TO_DATE('05-04-2023', 'DD-MM-YYYY'), 250, TO_DATE('01-04-2022', 'DD-MM-YYYY'));
INSERT INTO  CHINHANH2.WAREHOUSE_MANAGER VALUES ('CN2', 'P5'  , TO_DATE('12-05-2023', 'DD-MM-YYYY'), 600, TO_DATE('01-05-2022', 'DD-MM-YYYY'));
INSERT INTO  CHINHANH2.WAREHOUSE_MANAGER VALUES ('CN2', 'P6'  , TO_DATE('18-06-2023', 'DD-MM-YYYY'), 350, TO_DATE('01-06-2022', 'DD-MM-YYYY'));
INSERT INTO  CHINHANH2.WAREHOUSE_MANAGER VALUES ('CN2', 'P7'  , TO_DATE('01-07-2023', 'DD-MM-YYYY'), 0, TO_DATE('01-07-2022', 'DD-MM-YYYY'));
INSERT INTO  CHINHANH2.WAREHOUSE_MANAGER VALUES ('CN2', 'P8'  , TO_DATE('14-08-2023', 'DD-MM-YYYY'), 200, TO_DATE('01-08-2022', 'DD-MM-YYYY'));
INSERT INTO  CHINHANH2.WAREHOUSE_MANAGER VALUES ('CN2', 'P9'  , TO_DATE('30-09-2023', 'DD-MM-YYYY'), 550, TO_DATE('01-09-2022', 'DD-MM-YYYY'));
INSERT INTO  CHINHANH2.WAREHOUSE_MANAGER VALUES ('CN2', 'P10' , TO_DATE('22-10-2023', 'DD-MM-YYYY'), 280, TO_DATE('01-10-2022', 'DD-MM-YYYY'));
INSERT INTO  CHINHANH2.WAREHOUSE_MANAGER VALUES ('CN2', 'P11' , TO_DATE('17-11-2023', 'DD-MM-YYYY'), 0, TO_DATE('01-11-2022', 'DD-MM-YYYY'));
INSERT INTO  CHINHANH2.WAREHOUSE_MANAGER VALUES ('CN2', 'P12' , TO_DATE('05-12-2023', 'DD-MM-YYYY'), 420, TO_DATE('01-12-2022', 'DD-MM-YYYY'));
INSERT INTO  CHINHANH2.WAREHOUSE_MANAGER VALUES ('CN2', 'P13' , TO_DATE('08-01-2023', 'DD-MM-YYYY'), 330, TO_DATE('01-01-2022', 'DD-MM-YYYY'));
INSERT INTO  CHINHANH2.WAREHOUSE_MANAGER VALUES ('CN2', 'P14' , TO_DATE('14-02-2023', 'DD-MM-YYYY'), 480, TO_DATE('01-02-2022', 'DD-MM-YYYY'));
INSERT INTO  CHINHANH2.WAREHOUSE_MANAGER VALUES ('CN2', 'P15' , TO_DATE('19-03-2023', 'DD-MM-YYYY'), 220, TO_DATE('01-03-2022', 'DD-MM-YYYY'));
INSERT INTO  CHINHANH2.WAREHOUSE_MANAGER VALUES ('CN2', 'P16' , TO_DATE('25-04-2023', 'DD-MM-YYYY'), 0, TO_DATE('01-04-2022', 'DD-MM-YYYY'));
INSERT INTO  CHINHANH2.WAREHOUSE_MANAGER VALUES ('CN2', 'P17' , TO_DATE('30-05-2023', 'DD-MM-YYYY'), 500, TO_DATE('01-05-2022', 'DD-MM-YYYY'));
INSERT INTO  CHINHANH2.WAREHOUSE_MANAGER VALUES ('CN2', 'P18' , TO_DATE('10-06-2023', 'DD-MM-YYYY'), 260, TO_DATE('01-06-2022', 'DD-MM-YYYY'));
INSERT INTO  CHINHANH2.WAREHOUSE_MANAGER VALUES ('CN2', 'P19' , TO_DATE('15-07-2023', 'DD-MM-YYYY'), 430, TO_DATE('01-07-2022', 'DD-MM-YYYY'));
INSERT INTO  CHINHANH2.WAREHOUSE_MANAGER VALUES ('CN2', 'P20' , TO_DATE('20-08-2023', 'DD-MM-YYYY'), 290, TO_DATE('01-08-2022', 'DD-MM-YYYY'));

-- Dữ liệu cho bảng CHINHANH2.ORDERS
INSERT INTO  CHINHANH2.ORDERS VALUES (11, 'KH11', TO_DATE('11-01-2023', 'DD-MM-YYYY'), 'CN2', 'NV13', 0);
INSERT INTO  CHINHANH2.ORDERS VALUES (12, 'KH12', TO_DATE('12-01-2023', 'DD-MM-YYYY'), 'CN2', 'NV14', 0);
INSERT INTO  CHINHANH2.ORDERS VALUES (13, 'KH13', TO_DATE('13-01-2023', 'DD-MM-YYYY'), 'CN2', 'NV15', 0);
INSERT INTO  CHINHANH2.ORDERS VALUES (14, 'KH14', TO_DATE('14-01-2023', 'DD-MM-YYYY'), 'CN2', 'NV16', 0);
INSERT INTO  CHINHANH2.ORDERS VALUES (15, 'KH15', TO_DATE('15-01-2023', 'DD-MM-YYYY'), 'CN2', 'NV17', 0);
INSERT INTO  CHINHANH2.ORDERS VALUES (16, 'KH16', TO_DATE('16-01-2023', 'DD-MM-YYYY'), 'CN2', 'NV18', 0);
INSERT INTO  CHINHANH2.ORDERS VALUES (17, 'KH17', TO_DATE('17-01-2023', 'DD-MM-YYYY'), 'CN2', 'NV19', 0);
INSERT INTO  CHINHANH2.ORDERS VALUES (18, 'KH18', TO_DATE('18-01-2023', 'DD-MM-YYYY'), 'CN2', 'NV20', 0);
INSERT INTO  CHINHANH2.ORDERS VALUES (19, 'KH19', TO_DATE('19-01-2023', 'DD-MM-YYYY'), 'CN2', 'NV21', 0);
INSERT INTO  CHINHANH2.ORDERS VALUES (20, 'KH20', TO_DATE('20-01-2023', 'DD-MM-YYYY'), 'CN2', 'NV13', 0);

-- Dữ liệu cho bảng CHINHANH2.ORDER_DETAILS
INSERT INTO  CHINHANH2.ORDER_DETAILS VALUES (11, 'P1', 3, 0);
INSERT INTO  CHINHANH2.ORDER_DETAILS VALUES (11, 'P2', 4, 0);
INSERT INTO  CHINHANH2.ORDER_DETAILS VALUES (12, 'P3', 5, 0);
INSERT INTO  CHINHANH2.ORDER_DETAILS VALUES (12, 'P4', 2, 0);
INSERT INTO  CHINHANH2.ORDER_DETAILS VALUES (13, 'P5', 1, 0);
INSERT INTO  CHINHANH2.ORDER_DETAILS VALUES (13, 'P6', 4, 0);
INSERT INTO  CHINHANH2.ORDER_DETAILS VALUES (14, 'P7', 2, 0);
INSERT INTO  CHINHANH2.ORDER_DETAILS VALUES (14, 'P8', 3, 0);
INSERT INTO  CHINHANH2.ORDER_DETAILS VALUES (15, 'P9', 5, 0);
INSERT INTO  CHINHANH2.ORDER_DETAILS VALUES (15, 'P10', 2, 0);
INSERT INTO  CHINHANH2.ORDER_DETAILS VALUES (16, 'P11', 3, 0);
INSERT INTO  CHINHANH2.ORDER_DETAILS VALUES (16, 'P12', 4, 0);
INSERT INTO  CHINHANH2.ORDER_DETAILS VALUES (17, 'P13', 1, 0);
INSERT INTO  CHINHANH2.ORDER_DETAILS VALUES (17, 'P14', 2, 0);
INSERT INTO  CHINHANH2.ORDER_DETAILS VALUES (18, 'P15', 4, 0);
INSERT INTO  CHINHANH2.ORDER_DETAILS VALUES (18, 'P16', 3, 0);
INSERT INTO  CHINHANH2.ORDER_DETAILS VALUES (19, 'P17', 2, 0);
INSERT INTO  CHINHANH2.ORDER_DETAILS VALUES (19, 'P18', 5, 0);
INSERT INTO  CHINHANH2.ORDER_DETAILS VALUES (20, 'P19', 3, 0);
INSERT INTO  CHINHANH2.ORDER_DETAILS VALUES (20, 'P20', 2, 0);

------------------- Create user


------------------- Create database link


------------------- Other command

SELECT * FROM CHINHANH1.CUSTOMERS;
SELECT * FROM CHINHANH1.EMPLOYEES;
SELECT * FROM CHINHANH1.BRANCHES;
SELECT * FROM CHINHANH1.ORDERS;
SELECT * FROM CHINHANH1.ORDER_DETAILS;
SELECT * FROM CHINHANH1.PRODUCTS;
SELECT * FROM CHINHANH1.WAREHOUSE_MANAGER;
SELECT * FROM CHINHANH1.WAREHOUSE_SALER;


DROP TABLE CHINHANH1.WAREHOUSE_MANAGER CASCADE CONSTRAINTS;
DROP TABLE CHINHANH1.WAREHOUSE_SALER CASCADE CONSTRAINTS;
DROP TABLE CHINHANH1.ORDER_DETAILS CASCADE CONSTRAINTS;
DROP TABLE CHINHANH1.ORDERS CASCADE CONSTRAINTS;
DROP TABLE CHINHANH1.EMPLOYEES CASCADE CONSTRAINTS;
DROP TABLE CHINHANH1.CUSTOMERS CASCADE CONSTRAINTS;
DROP TABLE CHINHANH1.PRODUCTS CASCADE CONSTRAINTS;
DROP TABLE CHINHANH1.BRANCHES CASCADE CONSTRAINTS;